"instance","w","h","lots","land_cells","river_cells","preserve_cells","aptitude_classes","connected_components","batch_size","crossover_rate","keep_rate","new_rate","time","generations","seed","num_new_solutions","num_crossovers","num_mutations","num_solutions_explored","generation_best","time_to_best","time_avg","time_std_dev","time_initial","value_best","value_worst","value_avg","value_std_dev","value_initial","max_area_best","max_area_worst","max_area_avg","max_area_std_dev","max_area_initial","min_area_best","min_area_worst","min_area_avg","min_area_std_dev","min_area_initial","rivers_best","rivers_worst","rivers_avg","rivers_std_dev","rivers_initial","river_violations_best","river_violations_worst","river_violations_avg","river_violations_std_dev","river_violations_initial","size_ratio_best","size_ratio_worst","size_ratio_avg","size_ratio_std_dev","size_ratio_initial","convexity_best","convexity_worst","convexity_avg","convexity_std_dev","convexity_initial","num_empty_crossover_lots","num_disconnected_crossover_lots","num_empty_mutation_lots","num_disconnected_mutation_lots"
"200x200k100s45221",200,200,100,37594,2241,165,5,7,256,0,0,1,1800,8079,1.4042639436729e+19,8080,0,0,8080,3094,689.2,0.22,0.01,0.22,6014.12,6014.12,8625.82,1613.49,8712.19,198,198,133.78,36.6,148,800,800,915.15,208.62,856,1381,1381,7078.65,2150.38,8394,25,25,35.85,3.96,38,4.04,4.04,7.73,4.83,5.78,1.3,1.3,1.32,0.02,1.35,0,0,0,0
"200x200k20s45221",200,200,20,37196,2241,563,5,7,256,0,0,1,1800,15103,1.4042638995559e+19,15104,0,0,15104,9760,1162.85,0.12,0.01,0.13,15333.65,15333.65,32375.02,12682.82,26812.28,748,748,989.03,250.83,976,2476,2476,3406.28,782.98,3362,154,154,7058.6,3904.53,6879,3,3,9.63,2.48,8,3.31,3.31,3.94,2.66,3.44,1.3,1.3,1.31,0.04,1.35,0,0,0,0
"200x200k40s45221",200,200,40,37196,2241,563,5,7,256,0,0,1,1800.01,11844,14041013971134466048,11845,0,0,11845,2238,340.82,0.15,0.01,0.16,5264.75,5264.75,19117.4,5209.79,20534.32,644,644,416.42,107.05,296,1389,1389,1939.72,380.12,2399,588,588,7491.08,3069.61,3450,5,5,17.49,3.01,9,2.16,2.16,5.23,3.04,8.1,1.32,1.32,1.31,0.03,1.35,0,0,0,0
"200x200k60s45221",200,200,60,37196,2241,563,5,7,256,0,0,1,1800,10101,14041049070521518080,10102,0,0,10102,5455,976.2,0.18,0.01,0.17,6222.4,6222.4,13694.81,3170.84,16037.93,270,270,249.97,65.92,276,964,964,1392.98,296.13,1681,1141,1141,7517.74,2567.2,10550,16,16,24.34,3.27,26,3.57,3.57,6.29,3.62,6.09,1.27,1.27,1.32,0.03,1.33,0,0,0,0
"200x200k80s45221",200,200,80,37196,2241,563,5,7,256,0,0,1,1800.01,8981,14041015554621609984,8982,0,0,8982,2869,576.55,0.2,0.01,0.21,5174.64,5174.64,10560.55,2121.64,8226.75,187,187,175.2,46.7,239,689,689,1093.89,242.69,963,1315,1315,7190.91,2317.27,5424,23,23,30.06,3.62,32,3.68,3.68,6.98,3.73,4.03,1.32,1.32,1.32,0.02,1.3,0,0,0,0
"300x300k100s94113",300,300,100,81694,8189,117,6,4,256,0,0,1,1800,2261,14041011059137691648,2262,0,0,2262,1660,1324.34,0.8,0.05,0.79,11344.09,11344.09,17112.98,3487.2,16648.81,383,383,306.77,81.25,320,1341,1341,1718.67,349.43,1709,4535,4535,13555.57,3935.32,9826,26,26,33.84,3.64,30,3.5,3.5,6.35,4.17,5.34,1.39,1.39,1.35,0.03,1.4,0,0,0,0
"300x300k20s94113",300,300,20,81694,8189,117,6,4,256,0,0,1,1800,4690,14041059625321349120,4691,0,0,4691,2682,1027.14,0.38,0.04,0.46,58204.62,58204.62,80929.95,19719.81,60746.07,1497,1497,1973.21,482.04,1947,7720,7720,7995.59,616.21,7720,3826,3826,18855.06,8475.36,23102,3,3,9.14,2.23,11,5.16,5.16,4.49,3.08,3.97,1.32,1.32,1.38,0.06,1.34,0,0,0,0
"300x300k40s94113",300,300,40,81694,8189,117,6,4,256,0,0,1,1800,3688,14041169823480117248,3689,0,0,3689,2295,1120.37,0.49,0.04,0.48,35626.96,35626.96,44769.96,10833.22,54718.28,950,950,933.08,240.72,953,4788,4788,4266.51,793.57,5098,1080,1080,17051.45,6929.04,14458,11,11,17.74,2.87,13,5.04,5.04,5.12,3.28,5.35,1.48,1.48,1.4,0.05,1.4,0,0,0,0
"300x300k60s94113",300,300,60,81694,8189,117,6,4,256,0,0,1,1800,2969,14041093037922387968,2970,0,0,2970,1009,616.06,0.61,0.05,0.7,24516.85,24516.85,28839.05,7098.16,19547.7,731,731,566.96,148.19,757,2749,2749,2769.87,522.28,2372,1803,1803,15358.26,5361.5,10964,20,20,24.21,3.24,23,3.76,3.76,5.43,3.01,3.13,1.41,1.41,1.37,0.04,1.34,0,0,0,0
"300x300k80s94113",300,300,80,81694,8189,117,6,4,256,0,0,1,1800,2543,14041058181582286848,2544,0,0,2544,1284,907.51,0.71,0.05,0.75,10419.23,10419.23,21782.32,4731.19,20590.08,594,594,402.13,103.94,366,1656,1656,2118.1,407.75,2033,4121,4121,14673.22,4396.44,10558,18,18,29.31,3.45,30,2.79,2.79,5.87,3.38,5.55,1.32,1.32,1.36,0.03,1.35,0,0,0,0
"400x400k100s16692",400,400,100,153235,6765,0,5,2,256,0,0,1,1800,772,14041141195853416448,773,0,0,773,767,1790.46,2.33,0.18,2.26,26892.22,26892.22,26048.35,5326.4,25228.91,580,580,625.78,157.42,801,3151,3151,3247.11,1077.75,3813,628,628,10967.03,6362.62,6251,16,16,19.22,3.35,19,5.43,5.43,5.71,3.25,4.76,1.43,1.43,1.42,0.04,1.43,0,0,0,0
"400x400k20s16692",400,400,20,153235,6765,0,5,2,256,0,0,1,1800,1793,14041089451939741696,1794,0,0,1794,1345,1351.42,1,0.11,1.08,112274.72,112274.72,109195.57,40497.8,73108.17,922,922,4394.68,1138.83,5513,10562,10562,12641.26,2850.92,11465,0,0,15929.38,11875.6,2707,0,0,6.09,1.78,5,11.46,11.46,3.43,2.97,2.08,1.37,1.37,1.47,0.08,1.43,0,0,0,0
"400x400k40s16692",400,400,40,153235,6765,0,5,2,256,0,0,1,1800,1276,14042758625697157120,1277,0,0,1277,326,462.57,1.41,0.13,1.67,52098.07,52098.07,61218.32,15914.13,56242.52,1825,1825,1827.84,436.72,2204,5945,5945,7162.27,1418.29,8415,60,60,11695.37,8894.74,15002,3,3,9.23,2.21,10,3.26,3.26,4.3,2.08,3.82,1.4,1.4,1.48,0.07,1.45,0,0,0,0
"400x400k60s16692",400,400,60,153235,6765,0,5,2,256,0,0,1,1800,1020,14042757662428094464,1021,0,0,1021,87,158.36,1.76,0.16,1.77,32590.26,32590.26,41857.48,9597.1,40108.5,1142,1142,1156.53,260.73,885,4026,4026,5170.15,1334.67,4502,44,44,11033.99,7730.36,34297,3,3,12.57,2.62,19,3.53,3.53,4.9,3.74,5.09,1.36,1.36,1.45,0.05,1.47,0,0,0,0
"400x400k80s16692",400,400,80,153235,6765,0,5,2,256,0,0,1,1800,865,1.4041018108461e+19,866,0,0,866,579,1209.5,2.08,0.17,2.28,23182.77,23182.77,31805.75,6746.16,32010.34,1057,1057,826.68,191.96,659,2931,2931,4007.12,1194.09,3795,353,353,11031.49,6430.64,22428,13,13,16,2.85,18,2.77,2.77,5.3,2.87,5.76,1.4,1.4,1.43,0.05,1.4,0,0,0,0
"500x500k100s32414",500,500,100,242511,5001,2488,7,7,256,0,0,1,1800.03,384,14042520755803809792,385,0,0,385,300,1412.61,4.69,0.36,4.95,40501.11,40501.11,53636.99,12054.27,47870.13,1187,1187,918.81,217.38,918,5297,5297,4673.99,774.63,4736,4332,4332,24411.63,9654.03,24834,14,14,21.9,3.1,23,4.46,4.46,5.49,2.06,5.16,1.45,1.45,1.44,0.04,1.48,0,0,0,0
"500x500k20s32414",500,500,20,242511,5001,2488,7,7,256,0,0,1,1800,786,14042521365408946176,787,0,0,787,38,92.81,2.29,0.26,2.25,138123.43,138123.43,185407.77,74641.03,172361.69,6237,6237,5839.19,1346.13,6438,18742,18742,19434.92,2931.13,16540,185,185,38910.05,20154.79,46906,4,4,6.91,1.83,8,3,3,3.61,1.44,2.57,1.57,1.57,1.52,0.09,1.4,0,0,0,0
"500x500k40s32414",500,500,40,242511,5001,2488,7,7,256,0,0,1,1800,615,1.404252076998e+19,616,0,0,616,51,156.2,2.92,0.28,3.03,79579.58,79579.58,116733.63,39120.99,122551.36,2943,2943,2722.82,608.27,2092,8962,8962,10722.87,1974.73,10890,453,453,26258,14956.88,31931,4,4,10.41,2.11,12,3.05,3.05,4.27,1.84,5.21,1.47,1.47,1.52,0.07,1.61,0,0,0,0
"500x500k60s32414",500,500,60,242511,5001,2488,7,7,256,0,0,1,1800.01,497,14041023527029243904,498,0,0,498,369,1344.71,3.62,0.31,3.46,52594.03,52594.03,84605.04,22178.88,111224.75,2125,2125,1682.45,405.28,1844,7744,7744,7478.71,1332.19,8874,2516,2516,24643.93,11623.25,27838,12,12,14.48,2.46,14,3.64,3.64,4.85,2.17,4.81,1.46,1.46,1.48,0.05,1.47,0,0,0,0
"500x500k80s32414",500,500,80,242511,5001,2488,7,7,256,0,0,1,1800,418,14042511470568116224,419,0,0,419,92,402.83,4.3,0.33,4.25,41206.54,41206.54,62696.36,14609.37,71559.41,788,788,1219.44,300.77,990,4893,4893,5634.11,945.43,5139,4484,4484,23230.34,9545.72,27591,14,14,18.39,2.86,20,6.21,6.21,5.06,2.22,5.19,1.38,1.38,1.46,0.04,1.41,0,0,0,0
"600x600k100s6306",600,600,100,342444,17364,192,10,4,256,0,0,1,1800.05,215,14043053494391066624,216,0,0,216,183,1540.29,8.37,0.65,7.98,77132.88,77132.88,86738.99,15172.73,79244.65,1437,1437,1181.2,298.11,1387,7340,7340,7434.39,1641.85,6280,17414,17414,44465.45,16686.16,36692,22,22,27.52,4.21,25,5.11,5.11,6.92,3.35,4.53,1.46,1.46,1.5,0.05,1.47,0,0,0,0
"600x600k20s6306",600,600,20,342444,17364,192,10,4,256,0,0,1,1800,502,14042758339090104320,503,0,0,503,387,1392.64,3.58,0.43,3.25,408675.9,408675.9,409023.64,80602.27,349153.75,7782,7782,7976.78,1978.38,5641,23587,23587,29278.68,5576.54,32348,2040,2040,48124.43,25927.75,74976,4,4,7.56,2.11,8,3.03,3.03,3.98,1.6,5.73,1.78,1.78,1.67,0.12,1.43,0,0,0,0
"600x600k40s6306",600,600,40,342444,17364,192,10,4,256,0,0,1,1800,384,14043053359233556480,385,0,0,385,56,273.46,4.68,0.46,4.59,191294.52,191294.52,230577.29,37471.2,211204.59,3959,3959,3132.43,809.74,2907,13457,13457,17122.6,3878.8,15225,4749,4749,44097.67,20575.91,52517,5,5,11.99,2.8,15,3.4,3.4,5.95,2.52,5.24,1.6,1.6,1.62,0.09,1.6,0,0,0,0
"600x600k60s6306",600,600,60,342444,17364,192,10,4,256,0,0,1,1800,293,14042371728486383616,294,0,0,294,93,570.68,6.13,0.6,6.33,126496.24,126496.24,141705.54,30176.46,122624.41,1105,1105,2115.99,564.24,1324,8052,8052,11484.39,3358.47,9374,7737,7737,44539.86,20597.04,32075,6,6,17.6,3.84,15,7.29,7.29,5.93,2.66,7.08,1.53,1.53,1.56,0.07,1.56,0,0,0,0
"600x600k80s6306",600,600,80,342444,17364,192,10,4,256,0,0,1,1800,332,14042797030605815808,333,0,0,333,319,1730.76,5.41,0.41,4.43,118318.89,118318.89,111386.31,18608.64,176290.32,1736,1736,1480.78,397.16,1214,7930,7930,8629.62,2092.57,10248,11827,11827,46341.06,16920.72,20159,12,12,23.2,3.99,18,4.57,4.57,6.39,2.81,8.44,1.6,1.6,1.52,0.06,1.52,0,0,0,0
"200x200k100s45221",200,200,100,37594,2241,165,5,7,256,0,0,1,1800,8064,14041377918114893824,8065,0,0,8065,763,172.31,0.22,0.01,0.22,5460.23,5460.23,8583.59,1596.24,12887.99,114,114,133.42,35.81,92,630,630,910.29,206.47,1388,1138,1138,7032.94,2155.43,11834,21,21,35.8,4,39,5.53,5.53,7.63,4.18,15.09,1.29,1.29,1.32,0.02,1.32,0,0,0,0
"200x200k20s45221",200,200,20,37196,2241,563,5,7,256,0,0,1,1800.01,15146,14041103376761632768,15147,0,0,15147,1050,125.06,0.12,0.01,0.15,11379.24,11379.24,32481.22,12692.1,12974.38,1329,1329,988.59,251.52,1337,2482,2482,3418.59,786.07,2798,215,215,7089.79,3851.69,4576,2,2,9.66,2.46,10,1.87,1.87,3.99,3.1,2.09,1.32,1.32,1.31,0.04,1.3,0,0,0,0
"200x200k40s45221",200,200,40,37196,2241,563,5,7,256,0,0,1,1800,11689,14041105040066762752,11690,0,0,11690,9380,1444.89,0.15,0.01,0.14,7558.8,7558.8,19099.59,5223.31,31737.85,434,434,416.34,107.85,278,1391,1391,1939,382.97,2293,897,897,7517.23,3078.36,12381,10,10,17.54,3,20,3.21,3.21,5.29,3.79,8.25,1.29,1.29,1.31,0.03,1.32,0,0,0,0
"200x200k60s45221",200,200,60,37196,2241,563,5,7,256,0,0,1,1800,10103,14042637726703493120,10104,0,0,10104,1434,257.53,0.18,0.01,0.18,6804.46,6804.46,13668.8,3173.5,15042.35,265,265,248.95,66.36,219,842,842,1390.49,297.38,1368,1161,1161,7518.22,2604.7,10504,12,12,24.3,3.28,26,3.18,3.18,6.38,5.8,6.25,1.33,1.33,1.32,0.03,1.31,0,0,0,0
"200x200k80s45221",200,200,80,37196,2241,563,5,7,256,0,0,1,1800,9049,14042644502671478784,9050,0,0,9050,1667,333.08,0.2,0.01,0.19,5045.62,5045.62,10609.62,2155.92,11243.33,257,257,174.13,47.16,184,962,962,1096.66,248.69,1103,1479,1479,7263.43,2351.24,7773,24,24,30.13,3.64,34,3.74,3.74,7.09,4,5.99,1.31,1.31,1.32,0.02,1.35,0,0,0,0
"300x300k100s94113",300,300,100,81694,8189,117,6,4,256,0,0,1,1800,2274,14042645262969413632,2275,0,0,2275,480,381.84,0.79,0.06,0.89,13056.35,13056.35,17311.96,3510.78,15516.3,380,380,305.38,79.61,324,1387,1387,1722.7,346.66,1451,4163,4163,13708.57,3952.08,11469,21,21,33.94,3.65,32,3.65,3.65,6.29,3.67,4.48,1.32,1.32,1.35,0.03,1.3,0,0,0,0
"300x300k20s94113",300,300,20,81694,8189,117,6,4,256,0,0,1,1800,4676,14041018003583920128,4677,0,0,4677,327,127.94,0.38,0.04,0.43,53663.39,53663.39,81126.75,20416.57,77336.19,1702,1702,1969.28,484.72,1670,6712,6712,7995.59,635.98,7720,1669,1669,18937.54,8547.67,28607,2,2,9.17,2.22,12,3.94,3.94,4.47,2.19,4.62,1.42,1.42,1.38,0.06,1.34,0,0,0,0
"300x300k40s94113",300,300,40,81694,8189,117,6,4,256,0,0,1,1800,3674,14041125773839263744,3675,0,0,3675,2367,1154.68,0.49,0.05,0.49,30408.69,30408.69,45257.21,11256.94,39120.44,946,946,923.07,252.86,994,4147,4147,4272.67,794.06,3861,2013,2013,17093.43,7080.11,11408,12,12,17.69,2.84,16,4.38,4.38,5.24,3.06,3.88,1.37,1.37,1.39,0.05,1.41,0,0,0,0
"300x300k60s94113",300,300,60,81694,8189,117,6,4,256,0,0,1,1800.02,2951,14041182021934319616,2952,0,0,2952,918,558.36,0.61,0.06,0.62,27280.03,27280.03,28685.45,7095.23,44142.66,694,694,570.84,152.16,468,2747,2747,2759.75,518.75,3847,2002,2002,15442.59,5344.88,20246,17,17,24.19,3.23,21,3.96,3.96,5.43,3.34,8.22,1.36,1.36,1.37,0.04,1.37,0,0,0,0
"300x300k80s94113",300,300,80,81694,8189,117,6,4,256,0,0,1,1800,2538,14041033589794564096,2539,0,0,2539,768,541.27,0.71,0.06,0.76,15025.79,15025.79,22008.14,4766.31,23127.61,418,418,398.1,104.84,491,1637,1637,2142.77,427.8,2255,3451,3451,14699.45,4349.22,16502,14,14,29.3,3.4,31,3.92,3.92,6.14,5.05,4.59,1.33,1.33,1.36,0.03,1.36,0,0,0,0
"400x400k100s16692",400,400,100,153235,6765,0,5,2,256,0,0,1,1800,764,14041027397854236672,765,0,0,765,690,1616.67,2.36,0.19,2.32,23899.62,23899.62,25748.66,4939.65,36650.55,687,687,626.16,154.44,524,2953,2953,3190,868.16,5218,215,215,10936.13,6207.19,12746,14,14,19.11,3.32,20,4.3,4.3,5.53,2.41,9.96,1.38,1.38,1.42,0.04,1.39,0,0,0,0
"400x400k20s16692",400,400,20,153235,6765,0,5,2,256,0,0,1,1800,1789,14041137276689604608,1790,0,0,1790,1615,1613.56,1.01,0.12,1.07,72213.95,72213.95,109646.43,42606.85,117967.08,4050,4050,4396.61,1146.9,4604,9867,9867,12697.54,2923.82,11572,9,9,16011.34,11752.35,14925,1,1,6.11,1.75,7,2.44,2.44,3.5,3.47,2.51,1.39,1.39,1.47,0.08,1.48,0,0,0,0
"400x400k40s16692",400,400,40,153235,6765,0,5,2,256,0,0,1,1800,1244,14042777228349208576,1245,0,0,1245,316,476.69,1.45,0.16,1.95,45172.55,45172.55,60836.46,15985.31,44135.64,1886,1886,1857.86,424.84,2489,6865,6865,7184.17,1432.03,5272,18,18,11794.29,8673.17,2306,2,2,9.26,2.13,7,3.64,3.64,4.19,1.83,2.12,1.38,1.38,1.48,0.07,1.49,0,0,0,0
"400x400k60s16692",400,400,60,153235,6765,0,5,2,256,0,0,1,1800,994,14041125711862525952,995,0,0,995,760,1388.63,1.81,0.2,2.01,33041.03,33041.03,42305.76,9755.06,47620.08,1408,1408,1151.56,267.8,1352,3911,3911,5201.44,1334.85,5404,240,240,11517.25,7974.7,5619,10,10,12.72,2.71,14,2.78,2.78,4.94,2.99,4,1.42,1.42,1.45,0.05,1.41,0,0,0,0
"400x400k80s16692",400,400,80,153235,6765,0,5,2,256,0,0,1,1800,843,1.4042777241502e+19,844,0,0,844,197,439.91,2.13,0.23,2.97,23197.03,23197.03,31741.78,6575.34,23347.79,451,451,831.96,187.15,954,2965,2965,3996,1033.27,3122,613,613,11081.61,6599.73,3352,11,11,15.99,2.92,13,6.57,6.57,5.2,2.44,3.27,1.37,1.37,1.43,0.05,1.45,0,0,0,0
"500x500k100s32414",500,500,100,242511,5001,2488,7,7,256,0,0,1,1800,366,14042774197420687360,367,0,0,367,166,846.27,4.91,0.51,5.65,33824.51,33824.51,52972.19,12206.32,43681.68,1060,1060,915.03,219.54,999,3711,3711,4614.48,759.03,3930,3517,3517,24409.18,9075.13,22378,12,12,21.97,3.18,22,3.5,3.5,5.45,2.05,3.93,1.4,1.4,1.44,0.04,1.43,0,0,0,0
"500x500k20s32414",500,500,20,242511,5001,2488,7,7,256,0,0,1,1800,786,14042774200174696448,787,0,0,787,722,1658.75,2.29,0.31,2.35,205852.9,205852.9,184068.22,75880.72,213603.02,7627,7627,5821.26,1360.7,5310,19183,19183,19678,3009.9,20462,181,181,37315.84,20909.59,51084,5,5,6.72,1.89,7,2.52,2.52,3.69,1.61,3.85,1.69,1.69,1.53,0.09,1.56,0,0,0,0
"500x500k40s32414",500,500,40,242511,5001,2488,7,7,256,0,0,1,1800.07,599,14042776814901573632,600,0,0,600,488,1474.67,3,0.33,3.51,70917.6,70917.6,114356.85,36555.65,63128.73,2969,2969,2694.37,596.3,3434,11409,11409,10714.34,1934.54,10508,279,279,26125.71,13905.27,10399,6,6,10.26,2.06,9,3.84,3.84,4.31,2.01,3.06,1.57,1.57,1.53,0.07,1.61,0,0,0,0
"500x500k60s32414",500,500,60,242511,5001,2488,7,7,256,0,0,1,1800,497,14041028641322786816,498,0,0,498,179,657.46,3.62,0.32,3.91,66343.8,66343.8,84639.7,23592.39,63768.02,1902,1902,1678.84,423.61,2087,8215,8215,7483.22,1231.3,6523,837,837,25442.25,11695.65,8326,11,11,14.56,2.56,11,4.32,4.32,5.1,4.26,3.13,1.59,1.59,1.48,0.05,1.43,0,0,0,0
"500x500k80s32414",500,500,80,242511,5001,2488,7,7,256,0,0,1,1800,429,14042996543631321088,430,0,0,430,309,1299.37,4.19,0.34,4.5,55443.59,55443.59,65866.79,16210.96,59306.75,1649,1649,1179.51,299.48,851,4978,4978,5724.97,977.41,5121,3959,3959,25106.22,10796.12,17915,16,16,18.34,2.95,17,3.02,3.02,5.38,2.77,6.02,1.38,1.38,1.45,0.04,1.42,0,0,0,0
"600x600k100s6306",600,600,100,342444,17364,192,10,4,256,0,0,1,1800,213,1.4042529100587e+19,214,0,0,214,56,481.99,8.44,0.59,8.61,86144.27,86144.27,84350.91,12349.96,103868.2,1531,1531,1195.49,311.58,1196,5582,5582,7317.02,1866.71,6800,13629,13629,43924.47,15627.02,31887,17,17,27.15,4.59,26,3.65,3.65,6.72,3.24,5.69,1.5,1.5,1.5,0.05,1.48,0,0,0,0
"600x600k20s6306",600,600,20,342444,17364,192,10,4,256,0,0,1,1800,500,14043009897299456000,501,0,0,501,255,928.72,3.6,0.43,3.94,456518.42,456518.42,407452.61,83681.62,451823.65,4758,4758,7942.97,1984.3,7807,24046,24046,28600.07,5251.91,22859,0,0,47050.14,26384.09,2944,0,0,7.5,2,3,5.05,5.05,3.91,1.69,2.93,1.75,1.75,1.67,0.12,1.71,0,0,0,0
"600x600k40s6306",600,600,40,342444,17364,192,10,4,256,0,0,1,1800,388,14042372831878397952,389,0,0,389,34,169.81,4.63,0.46,4.71,207953.5,207953.5,230009.41,37253.95,273400.83,3779,3779,3146.21,759.42,4703,13959,13959,16727.01,3538.34,15728,4636,4636,44213.32,23328.22,41989,10,10,12.13,2.89,16,3.69,3.69,5.76,2.59,3.34,1.63,1.63,1.63,0.09,1.72,0,0,0,0
"600x600k60s6306",600,600,60,342444,17364,192,10,4,256,0,0,1,1800,292,14043021413364733952,293,0,0,293,2,20.97,6.15,0.55,6.5,106817.41,106817.41,141871.99,26576.04,200449.4,1370,1370,2188.42,511.42,1509,8667,8667,11236.57,2619.8,13060,8057,8057,44406.93,19312.94,41902,8,8,17.72,3.54,18,6.33,6.33,5.51,2.34,8.65,1.56,1.56,1.57,0.07,1.53,0,0,0,0
"600x600k80s6306",600,600,80,342444,17364,192,10,4,256,0,0,1,1800,328,14042850516412426240,329,0,0,329,326,1794.23,5.49,0.45,5.37,110666.11,110666.11,111481.02,18832.45,106159.45,1581,1581,1447.05,387.44,806,7875,7875,8868.27,2537.86,7990,9477,9477,46872.2,16979.21,70019,15,15,23.52,4.01,31,4.98,4.98,6.76,3.35,9.91,1.58,1.58,1.53,0.06,1.54,0,0,0,0
"200x200k100s45221",200,200,100,37594,2241,165,5,7,256,0,0,1,1800,8120,14041321111244480512,8121,0,0,8121,377,84.13,0.22,0.01,0.22,5704.37,5704.37,8601.48,1602.56,8578.67,198,198,134.35,36.03,128,910,910,915.02,209.27,898,1301,1301,7012.18,2131.26,7802,24,24,35.79,3.98,38,4.6,4.6,7.64,4.26,7.02,1.3,1.3,1.32,0.02,1.3,0,0,0,0
"200x200k20s45221",200,200,20,37196,2241,563,5,7,256,0,0,1,1800.02,15246,14041105398888556544,15247,0,0,15247,4182,492.61,0.12,0.01,0.12,14422.86,14422.86,32453.84,12800.72,22501.6,1042,1042,990.26,251.27,1148,2517,2517,3407.63,781.33,3175,297,297,7055.06,3879.19,2601,3,3,9.63,2.47,4,2.42,2.42,3.94,2.68,2.77,1.33,1.33,1.31,0.04,1.35,0,0,0,0
"200x200k40s45221",200,200,40,37196,2241,563,5,7,256,0,0,1,1800.01,11784,1.4041098651692e+19,11785,0,0,11785,4142,634.08,0.15,0.01,0.18,7339.96,7339.96,19157.24,5239.38,10385.86,561,561,416.61,108.11,630,1543,1543,1949.56,384.49,1332,673,673,7487.31,3094.03,5100,8,8,17.48,2.99,22,2.75,2.75,5.3,3.9,2.11,1.35,1.35,1.31,0.03,1.29,0,0,0,0
"200x200k60s45221",200,200,60,37196,2241,563,5,7,256,0,0,1,1800.01,10156,14041170201916057600,10157,0,0,10157,6036,1069.24,0.18,0.01,0.18,7512.39,7512.39,13620.5,3133.34,13710.03,288,288,251.37,64.61,229,1214,1214,1390.7,299.59,1131,868,868,7485.59,2594.02,9748,15,15,24.31,3.34,27,4.22,4.22,6.18,3.4,4.94,1.3,1.3,1.32,0.03,1.3,0,0,0,0
"200x200k80s45221",200,200,80,37196,2241,563,5,7,256,0,0,1,1800.01,9019,14041181723317102592,9020,0,0,9020,5304,1060.93,0.2,0.01,0.2,5878.19,5878.19,10589.74,2161.22,10686.49,188,188,174.47,47.25,154,773,773,1099.63,250.64,991,1435,1435,7214.48,2315.48,10194,18,18,30.08,3.64,30,4.11,4.11,7.09,3.9,6.44,1.33,1.33,1.32,0.02,1.31,0,0,0,0
"300x300k100s94113",300,300,100,81694,8189,117,6,4,256,0,0,1,1800,2271,1.4041371399132e+19,2272,0,0,2272,648,513.64,0.79,0.05,0.77,11569.48,11569.48,17034.82,3403.69,18624.02,311,311,309.77,79.56,265,1638,1638,1707.45,336.82,1901,4439,4439,13616.58,3854.6,17275,21,21,33.95,3.6,32,5.27,5.27,6.21,4.03,7.17,1.39,1.39,1.35,0.03,1.32,0,0,0,0
"300x300k20s94113",300,300,20,81694,8189,117,6,4,256,0,0,1,1800,4684,14041059171499606016,4685,0,0,4685,1809,697.59,0.38,0.04,0.36,70799.34,70799.34,80812.6,19786.99,117592.13,2587,2587,1970.27,491.38,1293,6266,6266,7976.88,628.38,9425,1724,1724,18871.2,8687.48,23662,6,6,9.12,2.25,8,2.42,2.42,4.48,2.37,7.29,1.39,1.39,1.38,0.06,1.27,0,0,0,0
"300x300k40s94113",300,300,40,81694,8189,117,6,4,256,0,0,1,1800,3643,14042641320191504384,3644,0,0,3644,22,11.86,0.49,0.04,0.5,28659.61,28659.61,45258.5,11174.2,44443.57,1207,1207,925.37,245.51,699,4061,4061,4282.64,810.72,3601,2482,2482,17034.25,6730.58,23875,12,12,17.74,2.75,19,3.36,3.36,5.2,3,5.15,1.45,1.45,1.4,0.05,1.3,0,0,0,0
"300x300k60s94113",300,300,60,81694,8189,117,6,4,256,0,0,1,1800,2973,14041172053924927488,2974,0,0,2974,1955,1182.2,0.61,0.05,0.63,27802.1,27802.1,28851.56,7045.82,25889.84,659,659,572.64,154.03,466,3448,3448,2769.45,514.62,2833,3474,3474,15474,5453.67,9935,11,11,24.19,3.19,20,5.23,5.23,5.46,3.21,6.08,1.36,1.36,1.37,0.04,1.38,0,0,0,0
"300x300k80s94113",300,300,80,81694,8189,117,6,4,256,0,0,1,1800,2531,1.4041169626704e+19,2532,0,0,2532,2337,1661.83,0.71,0.05,0.8,10688.83,10688.83,21865.42,4725.93,11744.4,390,390,404.23,105.46,621,1545,1545,2125.85,416.72,1540,4097,4097,14659.77,4393.18,5673,23,23,29.3,3.36,21,3.96,3.96,5.93,4.29,2.48,1.33,1.33,1.36,0.03,1.35,0,0,0,0
"400x400k100s16692",400,400,100,153235,6765,0,5,2,256,0,0,1,1800,766,14041204338720804864,767,0,0,767,469,1105.93,2.35,0.17,2.2,25424.66,25424.66,25809.93,4795.78,34739.92,626,626,616.25,148.84,493,2486,2486,3197.36,895.22,6771,109,109,10819.96,6242.28,17996,8,8,18.8,3.48,21,3.97,3.97,5.6,2.38,13.73,1.4,1.4,1.42,0.04,1.51,0,0,0,0
"400x400k20s16692",400,400,20,153235,6765,0,5,2,256,0,0,1,1800.05,1809,1.4041204104116e+19,1810,0,0,1810,1796,1788.1,0.99,0.11,1.04,49802.61,49802.61,111055.07,41880.27,133381.99,5808,5808,4325.47,1158.96,4454,9947,9947,12730.29,2909.73,12934,0,0,16710.08,12364.03,20251,0,0,6.19,1.81,6,1.71,1.71,3.61,4.04,2.9,1.39,1.39,1.47,0.08,1.42,0,0,0,0
"400x400k40s16692",400,400,40,153235,6765,0,5,2,256,0,0,1,1800,1273,14041136166836688896,1274,0,0,1274,536,755.3,1.41,0.13,1.6,34537.32,34537.32,60872.7,15122.34,59212.18,2031,2031,1863.93,426.24,2032,5482,5482,7156.73,1280.99,6214,14,14,11473.01,8521.95,8406,1,1,9.13,2.2,8,2.7,2.7,4.18,2.38,3.06,1.44,1.44,1.48,0.07,1.43,0,0,0,0
"400x400k60s16692",400,400,60,153235,6765,0,5,2,256,0,0,1,1800.06,1007,14041025856965189632,1008,0,0,1008,510,916.29,1.79,0.15,1.99,25720.92,25720.92,41942.21,9738.04,40039.91,1702,1702,1162.19,255.44,1423,3794,3794,5222.95,1358.08,5052,79,79,11167.8,7638.22,19194,1,1,12.57,2.69,15,2.23,2.23,4.84,2.36,3.55,1.39,1.39,1.45,0.05,1.47,0,0,0,0
"400x400k80s16692",400,400,80,153235,6765,0,5,2,256,0,0,1,1800,863,14042645083402096640,864,0,0,864,17,39.21,2.08,0.17,2.15,23778.07,23778.07,31564.25,6582.33,26291.53,1145,1145,832.33,189.42,902,3025,3025,3966.03,1111.84,3132,326,326,11161.7,6929.78,27916,10,10,16.02,2.92,20,2.64,2.64,5.12,2.2,3.47,1.39,1.39,1.43,0.05,1.38,0,0,0,0
"500x500k100s32414",500,500,100,242511,5001,2488,7,7,256,0,0,1,1800,387,1.4042763500763e+19,388,0,0,388,98,459.99,4.65,0.34,4.75,27270.43,27270.43,52731.42,11651.47,46438.49,1124,1124,897.35,236.24,905,4154,4154,4660.76,835.66,3782,3913,3913,24250.56,9594.21,24666,11,11,21.67,3.31,25,3.7,3.7,5.75,2.61,4.18,1.42,1.42,1.43,0.04,1.4,0,0,0,0
"500x500k20s32414",500,500,20,242511,5001,2488,7,7,256,0,0,1,1800,805,14042764352922462208,806,0,0,806,303,678.35,2.24,0.25,2.65,161217.58,161217.58,184273.08,74331.48,92736.67,8545,8545,5737.55,1289.16,7008,20482,20482,19472.6,2880.02,17571,368,368,38500.29,21730.39,19877,3,3,6.77,1.83,6,2.4,2.4,3.69,1.7,2.51,1.56,1.56,1.53,0.1,1.43,0,0,0,0
"500x500k40s32414",500,500,40,242511,5001,2488,7,7,256,0,0,1,1800,614,1.4042763566297e+19,615,0,0,615,390,1149.24,2.93,0.29,2.57,97564.84,97564.84,114478.89,37432.69,143432.13,3639,3639,2725.85,636.9,2585,9904,9904,10730.08,1875.16,9863,274,274,25954.11,15213.14,33672,9,9,10.4,2.15,12,2.72,2.72,4.38,2.82,3.82,1.59,1.59,1.52,0.07,1.57,0,0,0,0
"500x500k60s32414",500,500,60,242511,5001,2488,7,7,256,0,0,1,1800,494,14042510146643933184,495,0,0,495,203,751.11,3.64,0.33,3.84,58910.82,58910.82,82842.99,24085.24,69170.34,1940,1940,1712.75,382.82,1850,8093,8093,7354.57,1237.48,8799,4615,4615,25324.05,12166.12,12972,9,9,14.58,2.59,10,4.17,4.17,4.62,1.76,4.76,1.6,1.6,1.48,0.05,1.5,0,0,0,0
"500x500k80s32414",500,500,80,242511,5001,2488,7,7,256,0,0,1,1800,425,14041089476680697856,426,0,0,426,24,110.82,4.23,0.35,4.78,39582.42,39582.42,65267.15,16299.36,48528.2,1513,1513,1207.43,280.71,1550,5129,5129,5685.57,943.59,5457,3196,3196,24471.8,10372.01,25500,13,13,18.43,2.95,21,3.39,3.39,5.08,1.93,3.52,1.43,1.43,1.45,0.04,1.45,0,0,0,0
"600x600k100s6306",600,600,100,342444,17364,192,10,4,256,0,0,1,1800,214,14041136889176205312,215,0,0,215,21,190.6,8.41,0.62,9.35,84333.96,84333.96,84994.19,13570.31,92617.93,1697,1697,1195.46,312.62,1499,5267,5267,7382.04,1876.74,7352,11725,11725,44190.04,15153.05,49479,15,15,27.53,4.53,33,3.1,3.1,6.76,2.9,4.9,1.48,1.48,1.5,0.05,1.48,0,0,0,0
"600x600k20s6306",600,600,20,342444,17364,192,10,4,256,0,0,1,1800,495,14041048737236711424,496,0,0,496,143,527.43,3.63,0.44,3.4,442380.24,442380.24,416527.51,93436.88,348248.42,7988,7988,7915.65,1982.46,6649,24414,24414,29112.72,5647.89,29600,987,987,48854.76,27550.29,114434,5,5,7.65,2.03,10,3.06,3.06,4,1.74,4.45,1.69,1.69,1.68,0.12,1.79,0,0,0,0
"600x600k40s6306",600,600,40,342444,17364,192,10,4,256,0,0,1,1800.16,392,14041013807087339520,393,0,0,393,108,503.25,4.59,0.45,4.96,229156.02,229156.02,236480.59,41838.75,226351.38,2962,2962,3085.56,744.14,3045,14496,14496,16838.17,3548.55,11583,3151,3151,44806.54,22663.97,20513,6,6,12.21,2.73,12,4.89,4.89,5.96,3.04,3.8,1.66,1.66,1.63,0.1,1.72,0,0,0,0
"600x600k60s6306",600,600,60,342444,17364,192,10,4,256,0,0,1,1800,291,14042766503077435392,292,0,0,292,98,623.28,6.17,0.58,6.98,151477.51,151477.51,141927.92,27700.12,97491.74,1745,1745,2142.94,538.95,2849,9771,9771,11510.87,3325.04,10268,6516,6516,44682.68,20754.59,11742,11,11,17.49,3.77,12,5.6,5.6,5.85,3.2,3.6,1.54,1.54,1.56,0.07,1.57,0,0,0,0
"600x600k80s6306",600,600,80,342444,17364,192,10,4,256,0,0,1,1800,333,14042990004454733824,334,0,0,334,35,198.36,5.39,0.4,5.36,102211.71,102211.71,111855.7,17598.85,125306.11,1501,1501,1443.24,383.72,1838,7303,7303,8663.16,2267.41,9482,9958,9958,47767.36,17692.83,42501,14,14,23.5,3.96,19,4.87,4.87,6.59,2.95,5.16,1.49,1.49,1.52,0.06,1.51,0,0,0,0
"200x200k100s45221",200,200,100,37594,2241,165,5,7,256,0,0,1,1800,8081,14041319802893828096,8082,0,0,8082,6198,1378.49,0.22,0.01,0.22,3237.23,3237.23,8623.32,1594.69,7705.28,208,208,134.18,36.36,125,609,609,913.11,204.03,1011,766,766,7081.23,2123.01,5141,19,19,35.87,3.98,36,2.93,2.93,7.69,4.76,8.09,1.29,1.29,1.32,0.02,1.32,0,0,0,0
"200x200k20s45221",200,200,20,37196,2241,563,5,7,256,0,0,1,1800,15212,14041320788831522816,15213,0,0,15213,4800,567.43,0.12,0.01,0.13,12103.98,12103.98,32373.75,12582.22,28403.94,1281,1281,992.27,253.29,1228,2723,2723,3403.25,771.92,3098,149,149,7078.27,3878.59,8543,4,4,9.68,2.47,14,2.13,2.13,3.94,2.78,2.52,1.33,1.33,1.31,0.04,1.25,0,0,0,0
"200x200k40s45221",200,200,40,37196,2241,563,5,7,256,0,0,1,1800,11906,1.4042853356775e+19,11907,0,0,11907,922,140.76,0.15,0.01,0.14,8578.06,8578.06,19187.25,5216.87,25496.16,472,472,415.71,107.28,463,1334,1334,1939.91,378.65,2641,443,443,7544.46,3071.73,5807,8,8,17.51,2.98,16,2.83,2.83,5.25,3.14,5.7,1.33,1.33,1.31,0.03,1.34,0,0,0,0
"200x200k60s45221",200,200,60,37196,2241,563,5,7,256,0,0,1,1800.01,10148,14041331732016498688,10149,0,0,10149,5861,1044.43,0.18,0.01,0.19,5094.65,5094.65,13656.14,3167.19,9793.1,331,331,249.92,65.96,190,1108,1108,1393.67,300.72,1401,1088,1088,7494.15,2579.99,4583,19,19,24.29,3.26,21,3.35,3.35,6.26,3.44,7.37,1.31,1.31,1.32,0.03,1.34,0,0,0,0
"200x200k80s45221",200,200,80,37196,2241,563,5,7,256,0,0,1,1800,8930,14041097889615282176,8931,0,0,8931,7858,1585.03,0.2,0.01,0.2,5527.64,5527.64,10565.2,2111.29,11749.49,242,242,174.75,46.67,110,765,765,1095.84,244.27,812,1043,1043,7217.64,2302.06,10043,24,24,30.1,3.64,32,3.16,3.16,7.04,3.95,7.38,1.28,1.28,1.32,0.02,1.29,0,0,0,0
"300x300k100s94113",300,300,100,81694,8189,117,6,4,256,0,0,1,1800,2276,14041097857895229440,2277,0,0,2277,2199,1740.14,0.79,0.06,0.81,13602.83,13602.83,17102.99,3520.9,18378.42,243,243,310.97,79.02,311,1490,1490,1711.88,343.23,2058,4013,4013,13523.1,3891.24,14203,22,22,33.88,3.75,33,6.13,6.13,6.13,3.43,6.62,1.31,1.31,1.35,0.03,1.38,0,0,0,0
"300x300k20s94113",300,300,20,81694,8189,117,6,4,256,0,0,1,1800,4721,14041182200857153536,4722,0,0,4722,1136,436.13,0.38,0.04,0.37,68933.22,68933.22,81024.76,20096.43,101155.59,1691,1691,1972.39,484.29,1568,7720,7720,8010.16,646.58,7720,3197,3197,19155.75,8579.29,26874,3,3,9.24,2.24,9,4.57,4.57,4.45,2.09,4.92,1.47,1.47,1.38,0.06,1.34,0,0,0,0
"300x300k40s94113",300,300,40,81694,8189,117,6,4,256,0,0,1,1800,3674,14042645529780854784,3675,0,0,3675,3654,1790.56,0.49,0.04,0.52,29259.67,29259.67,45107.07,11028.75,47826.84,1043,1043,925.76,244.74,1083,3675,3675,4258.35,789.11,3912,1877,1877,17094.09,6862.61,18916,7,7,17.71,2.79,21,3.52,3.52,5.16,2.91,3.61,1.4,1.4,1.39,0.05,1.38,0,0,0,0
"300x300k60s94113",300,300,60,81694,8189,117,6,4,256,0,0,1,1800.03,2980,14042588882187145216,2981,0,0,2981,813,494.78,0.6,0.05,0.61,21922.72,21922.72,28790.53,7061.24,34470.8,744,744,573.71,147.43,610,2557,2557,2756.9,523.31,2974,3204,3204,15427.82,5311.63,14428,17,17,24.27,3.18,26,3.44,3.44,5.34,2.95,4.88,1.39,1.39,1.37,0.04,1.4,0,0,0,0
"300x300k80s94113",300,300,80,81694,8189,117,6,4,256,0,0,1,1800,2503,14042855307349667840,2504,0,0,2504,1003,720.62,0.72,0.06,0.78,14885.58,14885.58,21809.98,4812.22,14102.75,416,416,402.27,104.01,512,1597,1597,2116.55,415.86,2281,4145,4145,14722.41,4434.4,9035,19,19,29.37,3.42,28,3.84,3.84,7.02,59.62,4.46,1.35,1.35,1.36,0.03,1.35,0,0,0,0
"400x400k100s16692",400,400,100,153235,6765,0,5,2,256,0,0,1,1800,756,14041376357737869312,757,0,0,757,8,22.23,2.38,0.17,2.28,22367.92,22367.92,26077,5030.6,38571.23,725,725,629.78,149.05,346,3315,3315,3224.1,910.07,5129,444,444,10972.38,6351.89,30612,13,13,19,3.37,28,4.57,4.57,5.55,2.57,14.82,1.33,1.33,1.42,0.04,1.43,0,0,0,0
"400x400k20s16692",400,400,20,153235,6765,0,5,2,256,0,0,1,1800,1807,14042589544076691456,1808,0,0,1808,159,164.35,1,0.11,1.11,53206.26,53206.26,110468.56,42201.88,73919.88,4447,4447,4349.19,1183.71,5190,10113,10113,12702.6,2914.68,11260,0,0,16788.01,12399.68,8218,0,0,6.2,1.8,5,2.27,2.27,3.62,3.94,2.17,1.46,1.46,1.47,0.09,1.39,0,0,0,0
"400x400k40s16692",400,400,40,153235,6765,0,5,2,256,0,0,1,1800.02,1275,14041016637042448384,1276,0,0,1276,1232,1742.4,1.41,0.13,1.42,38026.92,38026.92,61252.97,15761.75,65102.48,2060,2060,1847.02,415.34,1875,5711,5711,7165.03,1395.41,8355,16,16,11600.67,8488.59,25445,3,3,9.16,2.17,12,2.77,2.77,4.18,1.69,4.46,1.43,1.43,1.48,0.07,1.66,0,0,0,0
"400x400k60s16692",400,400,60,153235,6765,0,5,2,256,0,0,1,1800,1013,14040925879813384192,1014,0,0,1014,271,487.1,1.78,0.15,1.84,60876.87,60876.87,42192.63,9502.83,27017.35,1061,1061,1158.8,251.66,1256,5976,5976,5233.5,1366.46,3794,327,327,11511,7187.89,5463,6,6,12.79,2.54,14,5.63,5.63,4.84,2.14,3.02,1.54,1.54,1.45,0.05,1.4,0,0,0,0
"400x400k80s16692",400,400,80,153235,6765,0,5,2,256,0,0,1,1800,864,14040922771979268096,865,0,0,865,597,1243.97,2.08,0.17,2.27,23893.52,23893.52,31878.91,6619.59,30240.3,504,504,824.79,197.89,586,2955,2955,4035.44,1208.13,3506,252,252,11229.58,6834.72,20501,8,8,16.09,2.99,17,5.86,5.86,5.32,2.57,5.98,1.39,1.39,1.44,0.05,1.42,0,0,0,0
"500x500k100s32414",500,500,100,242511,5001,2488,7,7,256,0,0,1,1800,360,14040923797711585280,361,0,0,361,314,1573.17,4.99,0.39,4.99,45301.4,45301.4,51814.55,11555.09,37480.6,986,986,923.88,202.11,667,4900,4900,4595.16,811.85,3870,6521,6521,24151.67,9335.28,21397,15,15,21.73,3.36,20,4.97,4.97,5.33,2.12,5.8,1.49,1.49,1.44,0.04,1.43,0,0,0,0
"500x500k20s32414",500,500,20,242511,5001,2488,7,7,256,0,0,1,1800,807,14042590439356311552,808,0,0,808,413,928.2,2.23,0.27,2.57,164013.02,164013.02,187349.44,79807.36,86766.67,5849,5849,5799.6,1348.4,6818,24229,24229,19482.65,2929.35,21504,408,408,38121.77,20972.92,3657,4,4,6.8,1.89,3,4.14,4.14,3.64,1.48,3.15,1.74,1.74,1.53,0.09,1.67,0,0,0,0
"500x500k40s32414",500,500,40,242511,5001,2488,7,7,256,0,0,1,1800,619,14041291798468411392,620,0,0,620,30,93.66,2.9,0.3,3.47,112515.49,112515.49,119204.8,41770.5,67826.41,2747,2747,2691.22,617.74,2767,9405,9405,10909.36,2163.88,11901,330,330,27482.21,15611.94,24845,5,5,10.47,2.22,10,3.42,3.42,4.42,2.02,4.3,1.66,1.66,1.53,0.07,1.51,0,0,0,0
"500x500k60s32414",500,500,60,242511,5001,2488,7,7,256,0,0,1,1800,500,14042515042919497728,501,0,0,501,320,1155.64,3.59,0.31,3.9,45578.03,45578.03,83665.06,24436.86,139799.18,1296,1296,1709.6,388.36,1697,7598,7598,7486.96,1282.95,12350,1505,1505,25556.31,11977.32,22510,7,7,14.72,2.55,14,5.86,5.86,4.74,1.92,7.28,1.48,1.48,1.48,0.05,1.55,0,0,0,0
"500x500k80s32414",500,500,80,242511,5001,2488,7,7,256,0,0,1,1800,425,14041050778734622720,426,0,0,426,42,185.25,4.23,0.33,4.04,30745.25,30745.25,62836.3,15568.05,61906.99,1728,1728,1195.65,313.83,978,5143,5143,5608.87,939.72,5728,2125,2125,22932.06,10046.7,21041,7,7,18.08,3.04,19,2.98,2.98,5.33,3.4,5.86,1.46,1.46,1.45,0.04,1.46,0,0,0,0
"600x600k100s6306",600,600,100,342444,17364,192,10,4,256,0,0,1,1800,213,1.4042511856156e+19,214,0,0,214,133,1133.2,8.43,0.59,8.65,72616.9,72616.9,84918.93,12052.66,96619.46,1504,1504,1139.64,286.37,1461,6180,6180,7153.68,1322.96,8972,12704,12704,45590.19,16225.92,41044,13,13,27.81,4.17,27,4.11,4.11,6.79,2.66,6.14,1.53,1.53,1.5,0.05,1.56,0,0,0,0
"600x600k20s6306",600,600,20,342444,17364,192,10,4,256,0,0,1,1800,503,1.4041015219705e+19,504,0,0,504,454,1628.84,3.58,0.4,3.24,390712.76,390712.76,408955.71,79431.98,522092.27,7623,7623,7889.17,2064.46,7055,22970,22970,29227.3,5071.03,25063,207,207,48793.75,27361.78,16682,3,3,7.71,2.01,5,3.01,3.01,4.1,2.08,3.55,1.69,1.69,1.66,0.12,1.67,0,0,0,0
"600x600k40s6306",600,600,40,342444,17364,192,10,4,256,0,0,1,1800.01,392,14041306119044595712,393,0,0,393,221,1018.87,4.58,0.44,5.58,192979.75,192979.75,235372.49,42670.82,195314.34,2210,2210,3025.12,755.58,3184,11105,11105,16796.55,3679.73,17602,683,683,46141.28,23426.26,21082,6,6,12.38,2.92,8,5.02,5.02,6.02,2.55,5.53,1.49,1.49,1.64,0.1,1.78,0,0,0,0
"600x600k60s6306",600,600,60,342444,17364,192,10,4,256,0,0,1,1800,293,14042758820146665472,294,0,0,294,90,567.82,6.12,0.55,6.1,188118.47,188118.47,142386.83,25916.94,151563.47,2839,2839,2141.34,563.5,2273,12071,12071,11644.67,3477.07,9060,2862,2862,43145.32,20111.52,45741,10,10,17.24,3.84,21,4.25,4.25,6.06,3.46,3.99,1.55,1.55,1.57,0.07,1.63,0,0,0,0
"600x600k80s6306",600,600,80,342444,17364,192,10,4,256,0,0,1,1800,331,14042509502516520960,332,0,0,332,236,1289.49,5.43,0.42,6.1,105931.95,105931.95,109621.82,17575.62,96268.01,1731,1731,1444.01,392.29,2006,6932,6932,8560.47,1904.71,11851,11731,11731,45376.38,17996.39,28878,14,14,22.88,4.06,16,4,4,6.51,2.85,5.91,1.53,1.53,1.53,0.05,1.6,0,0,0,0
"200x200k100s45221",200,200,100,37594,2241,165,5,7,256,0,0,1,1800,8086,14042649272548368384,8087,0,0,8087,2574,576.58,0.22,0.01,0.24,5057.26,5057.26,8624.74,1597.98,7786.79,174,174,134.33,36.15,95,954,954,916.05,206.26,755,1308,1308,7046.98,2118.65,7509,18,18,35.81,3.94,35,5.48,5.48,7.66,4.31,7.95,1.31,1.31,1.32,0.02,1.29,0,0,0,0
"200x200k20s45221",200,200,20,37196,2241,563,5,7,256,0,0,1,1800,15231,14042653227075540992,15232,0,0,15232,2750,324.27,0.12,0.01,0.12,15751.75,15751.75,32507.32,12722.59,39896.67,897,897,988.06,250.99,939,2550,2550,3412.18,784.74,3609,147,147,7094.83,3888.4,11666,2,2,9.65,2.48,11,2.84,2.84,3.95,2.65,3.84,1.37,1.37,1.31,0.04,1.27,0,0,0,0
"200x200k40s45221",200,200,40,37196,2241,563,5,7,256,0,0,1,1800,11891,14042684448826806272,11892,0,0,11892,9973,1510.06,0.15,0.01,0.17,8099.48,8099.48,19074.01,5193.34,19266.22,271,271,416.47,108.26,410,1314,1314,1937.59,381.83,2087,779,779,7506.68,3096.01,8024,10,10,17.53,3,20,4.85,4.85,5.25,3.27,5.09,1.31,1.31,1.31,0.03,1.32,0,0,0,0
"200x200k60s45221",200,200,60,37196,2241,563,5,7,256,0,0,1,1800,10173,14042679466523062272,10174,0,0,10174,9674,1711.77,0.18,0.01,0.18,7100.88,7100.88,13653.15,3131.5,16953.53,281,281,250.12,66.05,324,1351,1351,1393.2,298.86,2155,852,852,7510.8,2596,7388,15,15,24.28,3.3,26,4.81,4.81,6.27,3.47,6.65,1.36,1.36,1.32,0.03,1.36,0,0,0,0
"200x200k80s45221",200,200,80,37196,2241,563,5,7,256,0,0,1,1800,9029,14042680492601364480,9030,0,0,9030,7026,1400.84,0.2,0.01,0.23,5534.56,5534.56,10573,2152.66,7402.09,273,273,174.77,47.64,293,773,773,1101.63,251.19,835,1055,1055,7208.86,2317.96,3870,21,21,30.06,3.64,24,2.83,2.83,7.13,4.27,2.85,1.29,1.29,1.32,0.02,1.33,0,0,0,0
"300x300k100s94113",300,300,100,81694,8189,117,6,4,256,0,0,1,1800,2267,14042679883737722880,2268,0,0,2268,455,363.51,0.79,0.06,0.86,12164.5,12164.5,17299.7,3598.68,10937.75,294,294,309.9,78.12,326,1390,1390,1733.75,361.27,1192,4288,4288,13753.91,3879.32,10133,25,25,34.05,3.6,34,4.73,4.73,6.21,3.36,3.66,1.34,1.34,1.35,0.03,1.36,0,0,0,0
"300x300k20s94113",300,300,20,81694,8189,117,6,4,256,0,0,1,1800,4678,14040822459015503872,4679,0,0,4679,1885,726.23,0.38,0.04,0.36,47850.21,47850.21,80968.59,20345.57,96619.25,1631,1631,1982.28,483.22,1033,5786,5786,7998.74,628.41,9243,2738,2738,18890.59,8466.68,20146,6,6,9.17,2.22,10,3.55,3.55,4.42,2.03,8.95,1.29,1.29,1.38,0.06,1.34,0,0,0,0
"300x300k40s94113",300,300,40,81694,8189,117,6,4,256,0,0,1,1800,3660,14040822469298407424,3661,0,0,3661,2365,1163.52,0.49,0.04,0.53,40200.61,40200.61,45257.8,11120.34,35914.17,1005,1005,935.87,245.1,1035,3763,3763,4286.59,781.18,3624,1977,1977,17114.23,6883.15,12020,10,10,17.72,2.79,15,3.74,3.74,5.12,2.86,3.5,1.45,1.45,1.4,0.05,1.34,0,0,0,0
"300x300k60s94113",300,300,60,81694,8189,117,6,4,256,0,0,1,1800,2960,14042651516360695808,2961,0,0,2961,1072,654.41,0.61,0.05,0.56,18943.89,18943.89,28891.62,6975.12,28973.33,636,636,571.04,153.8,653,2310,2310,2769.91,509.14,2585,3630,3630,15407.21,5298.45,14986,14,14,24.2,3.25,23,3.63,3.63,5.53,4.27,3.96,1.41,1.41,1.37,0.04,1.43,0,0,0,0
"300x300k80s94113",300,300,80,81694,8189,117,6,4,256,0,0,1,1800,2526,1.4041036940189e+19,2527,0,0,2527,1255,895.54,0.71,0.05,0.71,11288.44,11288.44,21860.87,4779.39,18841.87,441,441,400.38,101.88,391,2102,2102,2126.58,423.05,1542,4389,4389,14704.02,4518.75,13598,17,17,29.26,3.42,28,4.77,4.77,6.05,6.62,3.94,1.34,1.34,1.36,0.03,1.32,0,0,0,0
"400x400k100s16692",400,400,100,153235,6765,0,5,2,256,0,0,1,1800,773,14040831458118160384,774,0,0,774,275,647.67,2.33,0.18,2.49,18580.94,18580.94,26118.38,4945.04,24823.02,655,655,614.22,148.65,498,2345,2345,3208.67,887.67,2566,712,712,11397.61,6513.43,18979,15,15,19.15,3.52,20,3.58,3.58,5.69,2.85,5.15,1.44,1.44,1.42,0.04,1.42,0,0,0,0
"400x400k20s16692",400,400,20,153235,6765,0,5,2,256,0,0,1,1800,1804,14040829739323105280,1805,0,0,1805,516,518.21,1,0.11,1.1,72748.75,72748.75,110816.41,42298.85,96192.23,5072,5072,4359.91,1121.26,5209,9877,9877,12761.8,3085.48,10997,0,0,16617.22,12207.69,14391,0,0,6.21,1.8,7,1.95,1.95,3.46,3.08,2.11,1.46,1.46,1.47,0.08,1.52,0,0,0,0
"400x400k40s16692",400,400,40,153235,6765,0,5,2,256,0,0,1,1800,1270,14041012204486752256,1271,0,0,1271,376,535.79,1.42,0.13,1.45,52254.06,52254.06,60810.42,16123.08,81193.68,2333,2333,1861.01,437.19,1774,6732,6732,7181.32,1350.2,11546,14,14,11640.59,8712.83,23148,2,2,9.14,2.16,11,2.89,2.89,4.2,1.91,6.51,1.41,1.41,1.48,0.07,1.37,0,0,0,0
"400x400k60s16692",400,400,60,153235,6765,0,5,2,256,0,0,1,1800,1011,14032652760427208704,1012,0,0,1012,804,1433.44,1.78,0.16,1.84,36293.79,36293.79,42242.64,9894.14,42311.22,1368,1368,1165.47,260.35,1310,4072,4072,5272.4,1418.35,7499,55,55,11439.44,7525.95,8732,5,5,12.72,2.63,11,2.98,2.98,4.89,2.52,5.72,1.34,1.34,1.45,0.06,1.43,0,0,0,0
"400x400k80s16692",400,400,80,153235,6765,0,5,2,256,0,0,1,1800,864,14041283540588290048,865,0,0,865,22,49.18,2.08,0.17,1.97,26275.95,26275.95,31860.9,6643.18,48496.88,727,727,826.61,201.96,889,4426,4426,3975.1,1096.78,7077,441,441,11272.3,6960.81,8845,10,10,16.03,2.97,18,6.09,6.09,5.36,3.35,7.96,1.48,1.48,1.43,0.05,1.49,0,0,0,0
"500x500k100s32414",500,500,100,242511,5001,2488,7,7,256,0,0,1,1800,375,14040822407628341248,376,0,0,376,308,1484.39,4.8,0.38,4.98,36722.93,36722.93,52627.13,12142.42,55169.76,1100,1100,921.73,222.99,1015,3578,3578,4626.49,750.98,4346,6426,6426,24039.28,9606.84,23255,14,14,21.85,3.24,23,3.25,3.25,5.46,2.31,4.28,1.44,1.44,1.44,0.04,1.37,0,0,0,0
"500x500k20s32414",500,500,20,242511,5001,2488,7,7,256,0,0,1,1800,801,14032610344639356928,802,0,0,802,295,664.54,2.25,0.27,2.62,134110.47,134110.47,185926.13,79187.19,79913.79,9254,9254,5772.81,1398.64,7514,16222,16222,19615.86,3230.48,17052,176,176,38381.42,20926.61,21240,3,3,6.78,1.84,6,1.75,1.75,3.76,2,2.27,1.64,1.64,1.52,0.09,1.49,0,0,0,0
"500x500k40s32414",500,500,40,242511,5001,2488,7,7,256,0,0,1,1800.01,615,14041283413533110272,616,0,0,616,56,177.02,2.92,0.31,3.37,81694.19,81694.19,116529.44,38873.93,104235.24,2677,2677,2690.93,618.63,3451,10167,10167,10704.74,1899.63,9298,311,311,26582.77,14906.46,4603,8,8,10.36,2.08,7,3.8,3.8,4.28,1.58,2.69,1.47,1.47,1.53,0.07,1.54,0,0,0,0
"500x500k60s32414",500,500,60,242511,5001,2488,7,7,256,0,0,1,1800,494,14041294815749859328,495,0,0,495,47,178.29,3.64,0.32,4.09,53365.69,53365.69,82609.85,22614.88,75114.3,1920,1920,1691.62,400.74,2008,6072,6072,7432.7,1269.53,7037,4707,4707,25005.66,11472.97,17399,13,13,14.69,2.37,15,3.16,3.16,4.81,2.23,3.5,1.47,1.47,1.48,0.05,1.55,0,0,0,0
"500x500k80s32414",500,500,80,242511,5001,2488,7,7,256,0,0,1,1800.03,428,14042702939200387072,429,0,0,429,74,317.06,4.2,0.36,4.17,48312.73,48312.73,64083.19,16728.82,66929.65,1403,1403,1197.25,294.22,1017,4411,4411,5673.69,947.06,4702,2998,2998,24862.76,11348.28,30637,10,10,18.5,3.03,23,3.14,3.14,5.21,2.7,4.62,1.36,1.36,1.45,0.05,1.43,0,0,0,0
"600x600k100s6306",600,600,100,342444,17364,192,10,4,256,0,0,1,1800,212,14033415363186515968,213,0,0,213,193,1641.34,8.46,0.64,7.94,74426.67,74426.67,84125.11,12638.27,91598.56,713,713,1194.01,283.32,1433,6341,6341,7210.05,1399.23,6107,13885,13885,43608.34,14208.84,58241,17,17,27.8,4.09,36,8.89,8.89,6.49,2.37,4.26,1.52,1.52,1.5,0.05,1.53,0,0,0,0
"600x600k20s6306",600,600,20,342444,17364,192,10,4,256,0,0,1,1800.16,504,14033415466711339008,505,0,0,505,48,177.61,3.56,0.43,3.54,647620.81,647620.81,417587.23,97593.92,460187.69,5742,5742,7866.87,2009.52,6971,42294,42294,29506.94,6168.49,25026,737,737,47533.35,27192.71,17684,3,3,7.58,2.02,5,7.37,7.37,4.09,1.97,3.59,1.77,1.77,1.67,0.12,1.63,0,0,0,0
"600x600k40s6306",600,600,40,342444,17364,192,10,4,256,0,0,1,1800,377,14041283433102729216,378,0,0,378,142,681.41,4.76,0.46,4.44,223341.25,223341.25,231948.13,39763.23,228278.39,4871,4871,3165.54,763.88,2008,13076,13076,16545.1,3741.5,13640,2713,2713,41977.12,21587.36,46840,5,5,11.98,2.77,14,2.68,2.68,5.63,2.24,6.79,1.75,1.75,1.63,0.1,1.55,0,0,0,0
"600x600k60s6306",600,600,60,342444,17364,192,10,4,256,0,0,1,1800,293,14033415434280050688,294,0,0,294,19,127.22,6.13,0.56,5.12,185720.4,185720.4,140999.84,25045.95,146091.13,2376,2376,2161.36,548.32,920,12469,12469,11330.18,2981.78,11914,5889,5889,44388.67,18067.43,47662,10,10,17.61,3.47,21,5.25,5.25,6.3,10.72,12.95,1.56,1.56,1.57,0.07,1.53,0,0,0,0
"600x600k80s6306",600,600,80,342444,17364,192,10,4,256,0,0,1,1800,331,14033269072136308736,332,0,0,332,48,275.1,5.43,0.42,5.7,96529.81,96529.81,110942.84,18029.59,116834.93,1556,1556,1463.86,389,1708,7316,7316,8719.63,2283.3,9758,7715,7715,47299.18,18442.76,15554,11,11,23.28,4.17,13,4.7,4.7,6.66,4.66,5.71,1.54,1.54,1.52,0.06,1.54,0,0,0,0
"fortaleza",449,250,40,23231,1388,87631,4,1,256,0,0,1,1800.01,23589,14041121427594483712,23590,0,0,23590,5237,400.18,0.08,0.01,0.11,5896.9,5896.9,6877.88,1881.26,7986.9,138,138,248.75,70.81,263,886,886,1303.65,346.82,1590,172,172,7649.27,2256.75,7967,3,3,23.91,2.87,25,6.42,6.42,6.01,3.85,6.05,1.24,1.24,1.26,0.03,1.22,0,0,0,0
"fortaleza",449,250,40,23231,1388,87631,4,1,256,0,0,1,1800,23682,14033257413501351936,23683,0,0,23683,11103,844.51,0.08,0.01,0.09,5321.79,5321.79,6880.16,1879.05,6457.95,260,260,248.45,70.79,200,926,926,1302.22,347.49,1013,697,697,7649.03,2257.84,10630,8,8,23.89,2.89,24,3.56,3.56,6.05,4.75,5.07,1.28,1.28,1.26,0.03,1.21,0,0,0,0
"fortaleza",449,250,40,23231,1388,87631,4,1,256,0,0,1,1800,23677,1.4032387017114e+19,23678,0,0,23678,1795,137.36,0.08,0.01,0.1,4312.55,4312.55,6890.31,1899.77,8244.2,278,278,249.15,71.11,332,812,812,1303.24,349.57,1447,668,668,7630.85,2261.99,8730,10,10,23.9,2.85,25,2.92,2.92,6.03,4.32,4.36,1.26,1.26,1.26,0.03,1.24,0,0,0,0
"fortaleza",449,250,40,23231,1388,87631,4,1,256,0,0,1,1800.01,23630,14041105626297333760,23631,0,0,23631,6059,462.7,0.08,0.01,0.08,5944.96,5944.96,6869.98,1875.46,5502.62,120,120,249.27,70.74,241,856,856,1299.53,346.23,1065,773,773,7658.93,2242.7,9569,10,10,23.94,2.87,26,7.13,7.13,6.01,4.39,4.42,1.22,1.22,1.26,0.03,1.27,0,0,0,0
"fortaleza",449,250,40,23231,1388,87631,4,1,256,0,0,1,1800,23493,14041171401409894400,23494,0,0,23494,21920,1676.35,0.08,0.01,0.09,5318.77,5318.77,6882.03,1879.76,5800.05,220,220,249.07,70.94,297,934,934,1299.18,343.51,1160,602,602,7656.26,2251.7,7893,6,6,23.92,2.88,24,4.25,4.25,6,4.09,3.91,1.25,1.25,1.26,0.03,1.25,0,0,0,0
"belovale",300,300,30,28110,916,60974,5,2,256,0,0,1,1800,19992,14032396506750660608,19993,0,0,19993,3493,314.49,0.09,0.01,0.09,5760.34,24296.69,7536.21,2488.89,7653.62,1526,4577,1801.69,424.43,1469,515,268,436.84,106.71,542,0,8008,2387.56,1198.21,2820,0,2,4.37,1.04,6,2.96,17.08,4.49,2.16,2.71,1.31,1.24,1.3,0.04,1.37,0,0,0,0
"veredas",300,300,26,24128,589,65283,7,10,256,0,0,1,1800,26223,14032494560334794752,26224,0,0,26224,9275,638.55,0.07,0.01,0.07,1582.13,3594.95,2250.62,651.64,1984.31,1526,1790,1667.98,317.95,1320,429,175,416.92,114.14,511,1158,14789,6202.45,1950.66,7339,9,17,12.82,1.66,13,3.56,10.23,4.6,2.98,2.58,1.32,1.33,1.29,0.04,1.23,0,0,0,0
"belovale",300,300,30,28110,916,60974,5,2,256,0,0,1,1800,19856,14059408350777769984,19857,0,0,19857,18957,1716.38,0.09,0.01,0.18,6844.6,21194.93,7547.78,2527.71,8304.17,1741,4462,1801.57,435.28,1660,590,285,434.79,107.89,303,0,8621,2406.92,1192.87,3245,0,3,4.36,1.05,4,2.95,15.66,4.51,2.12,5.48,1.22,1.27,1.3,0.04,1.31,0,0,0,0
"veredas",300,300,26,24128,589,65283,7,10,256,0,0,1,1800,26115,14059411035052398592,26116,0,0,26116,13706,938.58,0.07,0.01,0.07,2623.34,3153.61,2240.71,636.88,2287.67,1912,1704,1661.81,308.77,2049,348,113,416.33,114.79,353,764,14570,6169.68,1954.06,3948,7,17,12.79,1.66,10,5.49,15.08,4.61,3.35,5.8,1.3,1.36,1.29,0.04,1.27,0,0,0,0
"belovale",300,300,30,28110,916,60974,5,2,256,0,0,1,1800,19577,14059696771073060864,19578,0,0,19578,10542,963.63,0.09,0.01,0.1,3885.32,20368.95,7545.52,2525.16,7231.77,1576,4329,1804.25,431.77,1797,611,255,436.85,107.25,525,0,7966,2386.32,1203.33,3515,0,3,4.37,1.05,4,2.58,16.98,4.49,2.02,3.42,1.28,1.35,1.3,0.04,1.27,0,0,0,0
"veredas",300,300,26,24128,589,65283,7,10,256,0,0,1,1800.01,25927,14059696285687853056,25928,0,0,25928,25375,1762.98,0.07,0.01,0.11,2572.83,4486.37,2247.76,647.04,1985.61,1967,3024,1665.53,315.19,1354,501,121,417.42,114.86,339,1407,15362,6173.9,1953.13,5370,8,17,12.82,1.66,11,3.93,24.99,4.6,3.01,3.99,1.29,1.29,1.29,0.04,1.31,0,0,0,0
"belovale",300,300,30,28110,916,60974,5,2,256,0,0,1,1800.02,19908,14059403438363224064,19909,0,0,19909,19133,1729.97,0.09,0.01,0.14,5210.04,19832.61,7536.26,2499.92,4720.32,1661,4586,1805.97,431.89,2012,482,234,437.47,107.48,521,0,8916,2391.18,1196.79,2831,0,4,4.36,1.04,5,3.45,19.6,4.52,4.45,3.86,1.32,1.31,1.3,0.04,1.33,0,0,0,0
"veredas",300,300,26,24128,589,65283,7,10,256,0,0,1,1800,26142,14059637677159882752,26143,0,0,26143,23432,1613.73,0.07,0.01,0.08,1617.97,3703.15,2241.36,641.54,2611.57,1270,2397,1664.53,314.22,2152,478,53,418.37,113.64,498,1359,15201,6185.26,1961.81,4703,9,15,12.83,1.66,14,2.66,45.23,4.56,3.21,4.32,1.29,1.22,1.29,0.04,1.33,0,0,0,0
"belovale",300,300,30,28110,916,60974,5,2,256,0,0,1,1800,19529,14059886782088941568,19530,0,0,19530,3606,330.63,0.09,0.01,0.19,4743.44,22377.55,7570.76,2520.66,5349.91,1433,4954,1804.23,435.53,1444,480,358,435.58,106.7,474,0,8448,2390.17,1184.99,2428,0,3,4.37,1.05,6,2.99,13.84,4.51,2.11,3.05,1.26,1.28,1.3,0.04,1.26,0,0,0,0
"veredas",300,300,26,24128,589,65283,7,10,256,0,0,1,1800,25816,14059893767778301952,25817,0,0,25817,17907,1260.48,0.07,0.01,0.07,1740.65,2884.53,2245.14,641.13,1486.59,1400,1323,1665.49,310.11,1512,377,80,417.79,115.45,549,1228,15494,6171.85,1963.26,5442,7,17,12.81,1.66,15,3.71,16.54,4.59,2.97,2.75,1.29,1.28,1.29,0.04,1.29,0,0,0,0
"iuctam",449,250,40,29162,2763,80325,3,12,256,0,0,10,1800,35925,-4271790195517453824,35926,0,0,35926,25690,1286.54,0.05,0.01,0.08,11663.78,14411.1,11240.26,2060.05,9260.08,0,0,0,0,0,0,0,0,0,0,1051,25223,13751.08,2780.42,12556,4,35,28.87,3.02,29,17.82,41.66,11.7,8.15,6.01,0,0,0,0,0,0,0,0,0
"iuctam",449,250,40,29162,2763,80325,3,12,256,0,0,10,1800.01,35950,-4288057137925828608,35951,0,0,35951,8860,443.4,0.05,0.01,0.08,8629.52,10296.07,11258.47,2064.25,8446.6,0,0,0,0,0,0,0,0,0,0,1626,25637,13706.78,2755.92,12169,7,35,28.82,3.02,27,8.1,53.34,11.68,7.84,9.67,0,0,0,0,0,0,0,0,0
"iuctam",449,250,40,29162,2763,80325,3,12,256,0,0,10,1800,36026,-4271765355753198592,36027,0,0,36027,14503,723.29,0.05,0.01,0.07,9144.5,10159.7,11270.94,2068.31,14542.29,0,0,0,0,0,0,0,0,0,0,551,25235,13699.39,2772.12,14464,5,33,28.82,3.04,31,7.31,69.74,11.59,7.28,9.11,0,0,0,0,0,0,0,0,0
"iuctam",449,250,40,29162,2763,80325,3,12,256,0,0,10,1800.01,35791,-4272770373767094784,35792,0,0,35792,3028,152.49,0.05,0.01,0.07,8127.07,14993.59,11233.86,2051.64,12158.5,0,0,0,0,0,0,0,0,0,0,2490,26491,13698.55,2728.06,13649,13,37,28.85,3,31,24.35,56,11.66,7.89,14.64,0,0,0,0,0,0,0,0,0
"iuctam",449,250,40,29162,2763,80325,3,12,256,0,0,10,1800,35897,-4271593954076130304,35898,0,0,35898,23527,1177.92,0.05,0.01,0.08,10888.91,13315.65,11256.36,2067.9,9019.68,0,0,0,0,0,0,0,0,0,0,3734,25922,13717.65,2762.71,14202,13,35,28.84,3,30,35.37,52.55,11.66,8.16,5.38,0,0,0,0,0,0,0,0,0
"olhosdagua",300,300,24,26122,14180,49698,4,9,256,0,0,10,1800,51502,-4271125051397837312,51503,0,0,51503,29644,1040.57,0.03,0.01,0.06,16326.93,27501.71,22291.37,5489.88,22263.32,0,0,0,0,0,0,0,0,0,0,1785,22100,11703.84,2653.87,16065,6,20,16.78,1.7,17,4.37,17.73,6.78,7.7,10.86,0,0,0,0,0,0,0,0,0
"olhosdagua",300,300,24,26122,14180,49698,4,9,256,0,0,10,1800,51885,-4271605942340208128,51886,0,0,51886,18572,647.75,0.03,0.01,0.06,17057.21,36667.97,22243.46,5418.1,26695.12,0,0,0,0,0,0,0,0,0,0,2715,22698,11692.75,2642.02,9965,11,21,16.78,1.71,17,4.42,41.73,6.78,7.12,4.9,0,0,0,0,0,0,0,0,0
"olhosdagua",300,300,24,26122,14180,49698,4,9,256,0,0,10,1800,51916,-4271353494726912000,51917,0,0,51917,24886,866.15,0.03,0.01,0.06,18129.97,24621.88,22260.47,5423.6,26309.52,0,0,0,0,0,0,0,0,0,0,1463,23215,11695.14,2651.68,9806,7,21,16.78,1.71,16,6.36,32.54,6.76,8.18,5.39,0,0,0,0,0,0,0,0,0
"olhosdagua",300,300,24,26122,14180,49698,4,9,256,0,0,10,1800,51957,-4271543725715033600,51958,0,0,51958,35518,1234.49,0.03,0.01,0.05,15329.55,25753.79,22285.72,5456.72,20502.32,0,0,0,0,0,0,0,0,0,0,2442,22425,11698.02,2668.2,12251,7,20,16.79,1.7,17,24.8,72.1,6.76,6.7,12.66,0,0,0,0,0,0,0,0,0
"olhosdagua",300,300,24,26122,14180,49698,4,9,256,0,0,10,1800,51882,-4271122654043843584,51883,0,0,51883,9287,324.32,0.03,0.01,0.06,15811.17,28665.28,22310.33,5460.35,16825.05,0,0,0,0,0,0,0,0,0,0,2399,22436,11722.64,2667.95,9924,13,21,16.8,1.7,15,4.92,29.62,6.78,6.08,3.35,0,0,0,0,0,0,0,0,0
